{
  "totalItems": 1,
  "currentPage": 1,
  "pageSize": 20,
  "totalPages": 1,
  "startPage": 1,
  "endPage": 1,
  "items": [
    {
      "controlRunId": "5a609129fb199e89e4134e73",
      "clientId": "59451267",
      "clientType": "Serbian_Citizen",
      "controlsApplied": true,
      "executionStatus": "COMPLETED",
      "executionStartedDateTime": "2018-01-18T12:20:58.685Z",
      "executionCompletedDateTime": "2018-01-18T12:22:35.375Z",
      "controlsNotAppliedReason": null,
      "kycStatus": "RISK"
    }
  ],
  "result": null
}
