{
  "_Id": "5a609129fb199e89e4134e73",
  "clientId": "64281635",
  "runId": "5a609129fb199e89e4134e73",
  "firstName": "ASDJHFB ALSIFGJ",
  "lastName": "UJHBKJLN",
  "nationality": "SERBIAN",
  "dateofBirth": "02-11-86",
  "pin": "6841351321855",
  "idNumber": "895616588",
  "idExpiryDate": "08-02-2018",
  "idDateofIssue": "09-02-2008",
  "idType": "CNI",
  "kycDate": "26-12-2015",
  "amlSegmentation": "1",
  "runDateTime": "2017-12-12T17:35:27.262Z",
  "address": [
    {
      "addressid": "5a609129fb199e89e4134e73",
      "address1": "BRANKOV MOST",
      "address2": "SADFGBAS",
      "address3": "QWRFG FGAS",
      "postalCode": "14587562",
      "city": "QIWEYUGRIIO",
      "addressType": "D"
    }
  ]
}
