{
   "runId":"5a5342a0c6383f231cbc44f1",
   "messageCorrelationId":null,
   "clientId":"64281635",
   "clientType":"Serbian_Citizen",
   "creationDateTime":"2018-01-12T07:34:11.665Z",
   "idProofControlResult":null,
   "kycformControlResult":null,
   "signatureSpecimenControlResult":{
      "id":"5a5343093dcebdd330671281",
      "runId":"5a5342a0c6383f231cbc44f1",
      "jobId":null,
      "messageCorrelationId":null,
      "clientId":"64281635",
      "clientType":"Serbian_Citizen",
      "idProofResultId":null,
      "creationDateTime":"0001-01-01T00:00:00Z",
      "clientSignatureSpecimenDocumentStatus":"REJECT",
      "comments":"",
      "signatureSpecimens":[
         {
            "clientId":"64281635",
            "clientType":"Serbian_Citizen",
            "signaturespecimenDocumentDataId":null,
            "clientContactId":"5a301396d07f666f4855637e",
            "creationDate":"2018-01-08T10:08:09.155Z",
            "documentId":"AJDS654ASDF368ASD",
            "documentName":"64281635##65468##AJDS654ASDF368ASD.pdf",
            "controlAppliedResults":[
               {
                  "controlName":"ID",
                  "controlStatus":"REJECT",
                  "feedBack":"",
                  "action":"NO_ACTION",
                  "clientContactValues":{
                     "First Name in Contact":""
                  },
                  "clientDocumentValues":{
                     "First Name in  Document":""
                  }
               },
               {
                  "controlName":"Signature",
                  "controlStatus":"NOT_CHECKED",
                  "feedBack":"",
                  "action":"NO_ACTION",
                  "clientContactValues":{
                     "First Name in Contact":""
                  },
                  "clientDocumentValues":{
                     "First Name in  Document":""
                  }
               }
            ],
            "documentStatus":"REJECT",
            "markedBestDocument":"YES"
         }
      ]
   },
   "interrogationControlResult":{
      "id":"5a5343093dcebdd330671281",
      "runId":"5a5342a0c6383f231cbc44f1",
      "jobId":null,
      "messageCorrelationId":null,
      "clientId":"64281635",
      "clientType":"Serbian_Citizen",
      "idProofResultId":null,
      "creationDateTime":"0001-01-01T00:00:00Z",
      "clientInterrogationDocumentStatus":"ACCEPT",
      "comments":"",
      "interrogations":[
         {
            "clientId":"64281635",
            "clientType":"Serbian_Citizen",
            "signaturespecimenDocumentDataId":null,
            "clientContactId":"5a301396d07f666f4855637e",
            "creationDate":"2018-01-08T10:08:09.155Z",
            "documentId":null,
            "documentName":null,
            "controlAppliedResults":[
               {
                  "controlName":"RISK",
                  "controlStatus":"ACCEPT",
                  "feedBack":"",
                  "action":"NO_ACTION",
                  "clientContactValues":{
                     "First Name in Contact":""
                  },
                  "clientDocumentValues":{
                     "First Name in  Document":""
                  }
               },
               {
                  "controlName":"OCR",
                  "controlStatus":"ACCEPT",
                  "feedBack":"",
                  "action":"NO_ACTION",
                  "clientContactValues":{
                     "First Name in Contact":""
                  },
                  "clientDocumentValues":{
                     "First Name in  Document":""
                  }
               },
               {
                  "controlName":"AML",
                  "controlStatus":"ACCEPT",
                  "feedBack":"",
                  "action":"NO_ACTION",
                  "clientContactValues":{
                     "First Name in Contact":""
                  },
                  "clientDocumentValues":{
                     "First Name in  Document":""
                  }
               }
            ],
            "documentStatus":"ACCEPT",
            "markedBestDocument":"YES"
         }
      ]
   },
   "clientKycStatusResult":{
      "kycStatus":"ACCEPT",
      "clientId":"64281635",
      "runId":"5a5342a0c6383f231cbc44fd",
      "documentFamilyResults":[
         {
            "documentFamily":null,
            "status":"FAILED"
         },
         {
            "documentFamily":null,
            "status":"FAILED"
         }
      ],
      "clientMinimalDocument":{
         "runId":"5a5342a0c6383f231cbc44fd",
         "clientID":"64281635",
         "clientType":"Serbian_Citizen",
         "clientMinimalDocuments":[
            {
               "documentFamily":null,
               "documentType":"ID Proof",
               "isPresent":"No",
               "available":false
            },
            {
               "documentFamily":null,
               "documentType":"KYC Form",
               "isPresent":"No",
               "available":false
            },
            {
               "documentFamily":null,
               "documentType":"Signature Specimen",
               "isPresent":"Yes",
               "available":true
            },
            {
               "documentFamily":null,
               "documentType":"Contract",
               "isPresent":"No",
               "available":false
            }
         ]
      }
   }
}
