{
   "runId":"5a5342a0c6383f231cbc44f1",
   "messageCorrelationId":null,
   "clientId":"64281635",
   "clientType":"Client_has_representatives",
   "creationDateTime":"2018-01-12T07:34:11.665Z",
   "idProofControlResult":null,
   "kycformControlResult":null,
   "signatureSpecimenControlResult":null,
   "interrogationControlResult":null,
   "clientKycStatusResult":{
      "kycStatus":"NOT_CHECKED",
      "clientId":"64281635",
      "runId":"5a5342a0c6383f231cbc44fd",
      "documentFamilyResults":[
         {
            "documentFamily":null,
            "status":"FAILED"
         },
         {
            "documentFamily":null,
            "status":"FAILED"
         }
      ],
      "clientMinimalDocument":{
         "runId":"5a5342a0c6383f231cbc44fd",
         "clientID":"64281635",
         "clientType":"Client_has_representatives",
         "clientMinimalDocuments":[
            {
               "documentFamily":null,
               "documentType":"ID Proof",
               "isPresent":"No",
               "available":false
            },
            {
               "documentFamily":null,
               "documentType":"KYC Form",
               "isPresent":"No",
               "available":false
            },
            {
               "documentFamily":null,
               "documentType":"Signature Specimen",
               "isPresent":"No",
               "available":false
            },
            {
               "documentFamily":null,
               "documentType":"Contract",
               "isPresent":"No",
               "available":false
            }
         ]
      }
   }
}
