{
  "_Id": "5a609129fb199e89e4134e73",
  "clientId": "10444151",
  "runId": "5a609129fb199e89e4134e73",
  "firstName": "YVES",
  "lastName": "BENTOLILA",
  "nationality": "UK",
  "dateofBirth": "7/5/1954",
  "pin": "65216521652",
  "idNumber": "95216521",
  "idExpiryDate": "15-05-2024",
  "idDateofIssue": null,
  "idType": "PSP",
  "kycDate": "26-04-2014",
  "amlSegmentation": "1",
  "runDateTime": "2017-12-12T17:35:27.262Z",
  "address": [
    {
      "addressid": "5a609129fb199e89e4134e73",
      "address1": "121 B AVENUE DU GENERAL LECLERC",
      "address2": "DFGDN SDRGSD",
      "address3": "RETYTUY ZDFGGH",
      "postalCode": "78220",
      "city": "VIROFLAY",
      "addressType": "D"
    }
  ]
}
