{
  "_Id": "5a609129fb199e89e4134e73",
  "clientId": "59451267",
  "runId": "5a609129fb199e89e4134e73",
  "firstName": "AMILIIIFDSK",
  "lastName": "URFNKBDM",
  "nationality": "SERBIAN",
  "dateofBirth": "02-11-74",
  "pin": "8426842684265",
  "idNumber": "79317925",
  "idExpiryDate": "08-02-2026",
  "idDateofIssue": "09-02-2016",
  "idType": "CNI",
  "kycDate": "26-04-2009",
  "amlSegmentation": "1",
  "runDateTime": "2017-12-12T17:35:27.262Z",
  "address": [
    {
      "addressid": "5a609129fb199e89e4134e73",
      "address1": "KARADORDJEVA",
      "address2": "AWERTGSDFAS",
      "address3": "TYSFGHBF ZDFGGH",
      "postalCode": "9857482",
      "city": "POERITOIWHJRN",
      "addressType": "D"
    }
  ]
}
