{
  "_Id": "5a609129fb199e89e4134e73",
  "clientId": "08152264",
  "runId": "5a609129fb199e89e4134e73",
  "firstName": "DRAGON",
  "lastName": "IVANOVIC",
  "nationality": "SERBIAN",
  "dateofBirth": "02-11-68",
  "pin": "8426842684265",
  "idNumber": "79317925",
  "idExpiryDate": "08-02-2021",
  "idDateofIssue": "09-02-2011",
  "idType": "PSP",
  "kycDate": "26-04-2012",
  "amlSegmentation": "1",
  "runDateTime": "2017-12-12T17:35:27.262Z",
  "address": [
    {
      "addressid": "5a609129fb199e89e4134e73",
      "address1": "KALEMEGADON",
      "address2": "ADDCDSEFADSFWEF",
      "address3": "RETYTUY ZDFGGH",
      "postalCode": "1065421",
      "city": "YUFGVVDSDH",
      "addressType": "D"
    }
  ]
}
